﻿<?xml version="1.0" encoding="UTF-8" standalone="yes"?>
<addon id="kuAzER.repository" name="kuAzER" version="1.0" provider-name="kuAzER">
	<extension point="xbmc.addon.repository" name="kuAzER Add-on Repository">
		<info compressed="false">http://raw.github.com/kuAzER/kuAzER.repository/master/addons.xml</info>
		<checksum>http://raw.github.com/kuAzER/kuAzER.repository/master/addons.xml.md5</checksum>
		<datadir zip="true">http://raw.github.com/kuAzER/kuAzER.repository/master/repo/</datadir>
	</extension>
	<extension point="xbmc.addon.metadata">
		<summary>kuAzER Addon</summary>
		<description>SPORTV LIVE KUAZER STREAMING</description>
		<disclaimer></disclaimer>
		<platform>all</platform>
	</extension>
</addon>